ticker,date,coname,exec,dep_code,year,car_0_2,car_0_5,car_3_20,car_full,alpha,beta,n_est,n_evt
ALK,1995-02-09,ALASKA AIR GROUP INC,Raymond J. Vecci,3,1995,0.04206721753348626,0.0015415374787955474,-0.115443499275088,-0.098537004595581,-0.0002524061233787803,1.1936321609049516,130,26
DLX,1995-05-01,DELUXE CORP,Harold V. Haverty,3,1995,0.00740741281466845,-0.015059690394667717,0.0187390390282292,0.029708498512084545,-0.00029284348758387084,0.5026000988028444,130,26
SPXC,1995-10-19,SPX CORP,Edmund M. Carpenter,3,1995,-0.0034342621098693224,-0.008129548469464919,0.0870994192922962,0.11123880647199505,-0.0006501826377111877,0.682559612747799,130,26
AAPL,1996-02-02,APPLE INC,Michael H. Spindler,3,1996,0.03962216879877721,-0.03270798718965017,-0.052968728661631034,-0.09827544548936551,-0.004035843625308929,1.3096360314180562,130,26
UIS,1996-11-01,EPRESENCE INC,David C. Mahoney,3,1996,-0.013746805950874269,-0.0570795768449526,0.11928901728491884,0.04272863284172639,0.000484445313386909,0.9784696389374021,130,26
DGII,1996-12-31,DIGI INTERNATIONAL INC,Ervin F. Kamm Jr.,4,1996,0.06542694322190096,0.030112014978034903,-0.07381949055851071,-0.1994233722484576,-0.005095413629615131,1.3369614215600745,130,26
ADM,1997-04-17,ARCHER-DANIELS-MIDLAND CO,Dwayne O. Andreas,4,1997,0.034091109201829846,0.045204653653940434,0.019159994521238188,0.03974941160508211,-0.0007548803890303991,0.8316880610851567,130,26
AAPL,1997-07-08,APPLE INC,Gilbert F. Amelio,3,1997,-0.03339427645639159,0.163542712315567,0.4519963321713353,0.3617979184038778,-0.002861442187930532,0.5109938060533926,130,26
CAR,1997-12-17,AVIS BUDGET GROUP INC,Walter A. Forbes,4,1997,0.06372469138534635,0.037375363452814336,0.013221747546692461,0.0707604103734898,0.0007223090115447907,1.1086018228502068,130,26
FCX,1998-01-01,FREEPORT MCMORAN INC,Rene L. Latiolais,4,1998,-0.005626022750999176,-0.0559017466932353,-0.0007028973902015231,0.037335221580647275,-0.0029115908377214633,0.35148739827119097,130,26
ETR,1998-05-27,ENTERGY CORP,Edwin Lupberger,3,1998,0.10344194826590233,0.13204763597049207,0.06908685840886934,0.14279795540930013,0.00016333972037043098,0.3896048276666507,130,26
BIIB,1998-12-22,BIOGEN INC-OLD,James R. Tobin,3,1998,-0.08286892951422901,-0.03862755123081102,0.1018879387274921,0.07009747076904509,0.0002858971490413009,1.2337892084551225,130,26
ARW,1999-06-01,ARROW ELECTRONICS INC,Stephen P. Kaufman,3,1999,0.012957079220998565,0.0039058199876124827,0.060152357485508665,0.023805936780308234,-0.0003004914465612161,0.5472531624974452,130,26
NUE,1999-06-02,NUCOR CORP,John D. Correnti,3,1999,-0.1140886679774708,-0.11036722249938032,-0.022603292363487952,-0.1819762347380112,0.002002359603554111,0.4170291499260651,130,26
HUM,1999-08-01,HUMANA INC,Gregory H. Wolf,3,1999,-0.06444765142280685,-0.054809936555226174,-0.03003124732314223,-0.1919354213232716,-0.002618913607719271,0.2260643274084613,130,26
DXLG,1999-10-20,DESTINATION XL GROUP INC,Joel H. Reichman,3,1999,-0.186188668185176,-0.13321049708954733,0.2307371231023959,0.019388546761744743,3.428001603693431e-05,0.12226235746689429,130,26
IFF,1999-12-14,INTL FLAVORS & FRAGRANCES,Eugene P. Grisanti,3,1999,0.012625821165821303,0.03484457607140562,0.033269379278159254,-0.016081515560159947,-0.00021288210617554867,0.4945790166627314,130,26
MAT,2000-02-03,MATTEL INC,Jill E. Barad,3,2000,-0.09212515617515314,-0.11186932496413074,0.055923922078425975,0.05995376679737889,-0.00439433291458465,0.26276895427117625,130,26
KO,2000-02-17,COCA-COLA CO,M. Douglas Ivester,3,2000,-0.021091226287471253,-0.0747584706451571,-0.0877137057423825,-0.16162119355173105,0.00028298581534986307,0.5393151042071866,130,26
AET,2000-02-25,AETNA INC,Richard L. Huber,4,2000,0.020340597519193464,0.31658473192091385,0.38082014796579094,0.4078593463916262,-0.0030204259072580176,0.3999042252971649,130,26
CPB,2000-03-22,CAMPBELL SOUP CO,Dale F. Morrison,3,2000,-0.0345106410637106,-0.033073542335750945,0.03912618778156654,0.07582744925414556,-0.0030413741027399393,0.7603639575107206,130,26
PG,2000-06-08,PROCTER & GAMBLE CO,Durk I. Jager,3,2000,-0.06750587581895143,-0.06686448519130798,0.020938794806187183,-0.1266272155195038,-0.003428933655386528,0.7255970980750774,130,26
NWL,2000-10-31,NEWELL BRANDS INC,John J. McDonough,3,2000,0.009438404296261893,0.014677726430515983,0.04554637393407998,-0.08352226389142269,7.958373656266199e-05,0.4688060241706548,130,26
ATI,2000-12-06,ALLEGHENY TECHNOLOGIES INC,Thomas A. Corcoran,3,2000,-0.08111778218217239,-0.08743523468810456,-0.18978453220939462,-0.27309757030541726,-0.0014961182180447253,0.35396446367245815,130,26
KEY,2001-02-01,KEYCORP,Robert W. Gillespie,3,2001,0.008815105508175764,-0.00496395808774479,0.019209391085609775,-0.002414558311456396,0.0039005126177229037,0.7942866450123681,130,26
MPS,2001-03-01,MPS GROUP INC,Derek E. Dewan,3,2001,-6411.983253363836,-12628.390090292312,116082.29070105952,98826.71452710556,2141.876212640069,-11192.268966591275,130,26
SNA,2001-04-01,SNAP-ON INC,Robert A. Cornog,3,2001,0.02583277248382672,0.03278502212200079,-0.10145001186312633,-0.08942477803179466,0.001025591026076996,0.7357042257520388,130,26
HON,2001-07-03,HONEYWELL INTERNATIONAL INC,Michael R. Bonsignore,3,2001,0.09395190705838208,0.11387764237134652,-0.007187653350355091,0.02133998706228327,0.000951879126999508,1.5452851309756277,130,26
F,2001-10-30,FORD MOTOR CO,Jacques A. Nasser,3,2001,0.022408008237789646,0.0013665807369980989,0.10542373146492198,0.1330059842588279,-0.0027948611291521617,0.9488885034612461,130,26
GRB,2001-11-29,GERBER SCIENTIFIC INC,Michael J. Cheshire,3,2001,0.07078894282596745,0.06919338905781947,0.01644858482197179,0.0456680693225401,-0.0004659702987145761,0.6134610159468671,130,26
TWX,2002-05-16,TIME WARNER INC,Gerald M. Levin,3,2002,0.03599032724046259,0.015738715006885992,0.01031007943816323,0.09867751108632643,-0.003309319828216385,1.4953072155130802,130,26
CMS,2002-05-24,CMS ENERGY CORP,William T. McCormick Jr.,4,2002,0.03287996735451165,0.026105876706166396,-0.26143542046272517,-0.07435673290026365,-0.0001969684133584869,0.4087373327604757,130,26
JCI,2002-06-03,TYCO INTERNATIONAL PLC,L. Dennis Kozlowski,4,2002,-0.14360301117549082,-0.4257697323482886,0.19211010486811902,0.03117454175306085,-0.005321638273399239,2.055795163568629,130,26
AES,2002-06-18,AES CORP,Dennis W. Bakke,3,2002,0.026755940729671496,-0.07688537747947768,-0.11336811271342441,0.2033791387042444,-0.0036813164646322155,2.0344723341742705,130,26
WTS,2002-08-07,WATTS WATER TECHNOLOGIES INC,Timothy P. Horne,4,2002,-0.016249564559073334,-0.046454243517748274,-0.13968530182015398,-0.14608961270349777,0.0035946043276206797,0.6923485274810236,130,26
CNP,2002-09-30,CENTERPOINT ENERGY INC,R. Steve Letbetter,3,2002,0.24552769325608687,0.24315019491465725,-0.30721276932602615,-0.12038187447131521,0.00018204781982287486,0.39184360285965075,130,26
WSM,2003-01-09,WILLIAMS-SONOMA INC,Dale W. Hilpert,3,2003,-0.16753106778143645,-0.08920974826467859,0.06782998914284168,-0.11923967188322716,0.0008636836549564893,1.3736732284420667,130,26
SLB,2003-02-01,SCHLUMBERGER LTD,D. Euan Baird,3,2003,0.02677636720214086,0.030905763999693643,0.10018412314439393,0.14783868365656466,8.302691693388444e-05,1.1388210978683062,130,26
UNM,2003-03-31,UNUM GROUP,J. Harold Chandler,3,2003,0.016025370217502107,0.022960721378644387,0.12133387737384105,0.2873134292913724,-0.0029230618102694074,1.212900961330362,130,26
THC,2003-05-26,TENET HEALTHCARE CORP,Jeffrey C. Barbakow,3,2003,0.08545414692557385,0.07585538172791476,-0.18670266688644774,-0.08883252366895224,-0.007343984766456766,0.7785646196321295,130,26
CENX,2003-10-15,CENTURY ALUMINUM CO,Gerald A. Meyers,3,2003,-0.10438198467567701,-0.14876686190171332,0.24234795635990836,0.16598753832514715,0.0037207439548219627,0.9084531101957029,130,26
IP,2003-10-31,INTL PAPER CO,John T. Dillon,3,2003,-0.008075043464087332,-0.046451451398361,-0.01785108914805647,-0.029751510208845512,-0.00019683416646748314,1.0551724692851612,130,26
DUK,2003-11-01,DUKE ENERGY CORP,Richard B. Priory,3,2003,-0.011378250755366163,-0.027221610837216057,0.004302165876062044,-0.035624401839195796,0.0006027602767107046,0.8984778302017498,130,26
FSS,2003-12-01,FEDERAL SIGNAL CORP,Joseph J. Ross,4,2003,0.012490385242702903,0.04378126741266741,0.1506793774509193,0.14350756487913752,-0.0020215876169337216,1.1879184226016666,130,26
BA,2003-12-01,BOEING CO,Philip M. Condit,3,2003,-0.009118026060504901,-0.002971334531677708,0.013088753955068314,-0.05912394483798841,0.0015150023885615485,1.3142321037960787,130,26
BEN,2003-12-31,FRANKLIN RESOURCES INC,Charles B. Johnson,4,2003,0.0067803454355168085,0.01140089297708996,0.0558699016407791,0.06063555548843076,0.001155395633440392,1.2616340739306702,130,26
AEP,2004-01-01,AMERICAN ELECTRIC POWER CO,E. Linn Draper Jr.,3,2004,-0.0070187301920678225,0.013082381099548925,0.06939191140318929,0.06397135742423854,-0.0005045349016391096,0.7512747720201391,130,26
MSI,2004-01-05,MOTOROLA SOLUTIONS INC,Christopher B. Galvin,3,2004,0.009091858169345067,0.07335319087210772,0.02736909335679008,0.0629502694056554,0.0030158303479435444,1.2744592593590909,130,26
BAX,2004-04-26,BAXTER INTERNATIONAL INC,Harry M. Jansen Kraemer Jr.,3,2004,-0.027529844280482895,-0.018193311422747428,0.013573696850330417,0.03731748868393898,-0.00024767399012271603,0.9541739630225129,130,26
REY,2004-07-07,REYNOLDS & REYNOLDS -CL A,Lloyd G. Waterhouse,4,2004,0.0047857268944534945,0.015733269522075228,0.056207468844882716,0.0399659542149481,0.0006104061482175735,0.4104929877627566,130,26
VZ,2004-09-25,BELL INDUSTRIES INC,Tracy A. Edwards,3,2004,-0.010109117656364436,-0.01949050425068955,-0.017731578938971804,-0.02414701443657999,0.0007448950208246167,0.6151871253436575,130,26
SNA,2004-11-01,SNAP-ON INC,Dale F. Elliott,3,2004,0.01165704527257972,0.01363592531053197,0.05055258791665619,0.06893474612464404,-0.0007565933070170557,0.9337128350198763,130,26
SPXC,2004-12-08,SPX CORP,John B. Blystone,3,2004,-0.018728330545417254,-0.009193939122939063,-0.025159457130276078,-0.06070335105773634,-0.00046343851648654314,1.286121672409987,130,26
PCG,2004-12-31,PG&E CORP,Robert D. Glynn Jr.,3,2004,-0.00981822481191135,-0.03827144681412699,0.0510725847079635,0.02865810695392373,0.0010130709055211132,0.47811908470388065,130,26
TSN,2005-01-31,HILLSHIRE BRANDS CO,C. Steven McMillan,3,2005,-0.06005264626004097,-0.07092598231255505,0.04088019981306698,-0.003517964640361821,-0.0014812343389384245,1.3394478342435052,130,26
HPQ,2005-02-08,HP INC,Carleton S. Fiorina,3,2005,0.06093135600710734,0.03043188072886201,-0.047929827503293984,0.03049123292060299,-0.00012827713245417295,1.3250598974231813,130,26
BA,2005-03-06,BOEING CO,Harry C. Stonecipher,4,2005,0.003980974027355976,0.00452186284451547,0.04127609258283731,0.09796398465623668,-0.00035619491209896634,1.1099953265802007,130,26
GATX,2005-04-22,GATX CORP,Ronald H. Zech,3,2005,0.009377251594138478,-0.03344734784238775,-0.06541212548978101,-0.012433927455926792,0.0012197559841933886,1.1938895997814711,130,26
MRK,2005-05-04,MERCK & CO,Raymond V. Gilmartin,3,2005,-0.008883704701414561,-0.022188482979227125,-0.03424092424428326,-0.01595776325785511,-0.001998503362255404,0.8587218708647865,130,26
MS,2005-06-30,MORGAN STANLEY,Philip J. Purcell,3,2005,0.0035666116812079485,-0.015657645064024204,-0.036345044752680064,0.03891970936707484,-0.0002745641459962153,1.3684136379491563,130,26
RRGB,2005-08-11,RED ROBIN GOURMET BURGERS,Michael J. Snyder,4,2005,-0.22929948404342412,-0.269722398993023,-0.002676308748573185,-0.22286645091615911,0.0012668770121233852,1.1052434448256394,130,26
NWL,2005-10-16,NEWELL BRANDS INC,Joseph Galli Jr.,3,2005,0.042996006746569455,0.03742415973292204,-0.03813585942073163,-0.011888521698281836,0.0004986611434274118,0.9951226936771347,130,26
UNP,2005-12-31,UNION PACIFIC CORP,Richard K. Davidson,3,2005,-0.02747619660832623,-0.04661731369166059,0.08137741179597098,0.08522859682347582,0.0009010419970469307,0.8792602301207709,130,26
SRE,2005-12-31,SEMPRA ENERGY,Stephen L. Baum,3,2005,-0.00021162527592000907,0.00621637454260484,0.035584714739104205,0.02041018612706016,0.000717085308129229,1.0553960761016525,130,26
NKE,2006-01-20,NIKE INC -CL B,William D. Perez,3,2006,0.004087693581194622,-0.016449377361857677,0.0016976051547245956,-0.017539910816713817,-0.00020556753753214096,0.8136730328438879,130,26
WEN,2006-04-17,WENDY'S INTERNATIONAL INC,John T. Schuessler,3,2006,-0.0143230906919128,-0.029791078530873795,-0.028867688663213247,-0.05455019909261971,0.0005041327883137548,0.9175468520257973,130,26
CMVT,2006-05-01,COMVERSE TECHNOLOGY INC,Kobi Alexander,4,2006,0.06327086804295459,0.012269347121517983,-0.012247903997321802,0.05037612250382642,-0.0008190490544614341,0.789779419115532,130,26
CLX,2006-05-01,CLOROX CO/DE,Gerald E. Johnston,3,2006,-0.042378293160930926,-0.03599522799442433,0.027396496350440194,0.02001540386314419,0.0005905610834782201,0.4720341031184027,130,26
MTH,2006-05-18,MERITAGE HOMES CORP,John R. Landon,3,2006,-0.08046716313692043,-0.055791577888480964,-0.07177874776000356,-0.15860491198647392,-0.0013902693346274505,1.927949277798362,130,26
KMX,2006-06-21,CARMAX INC,W. Austin Ligon,3,2006,0.02331657958576419,0.018231356528716148,-0.06452592807077627,0.07491070276599422,0.001036646256344663,1.2910615130573702,130,26
MDLZ,2006-06-27,MONDELEZ INTERNATIONAL INC,Roger K. Deromedi,3,2006,-0.013807638893140628,-0.010513667496267736,0.027788856207497124,0.008942249597960153,0.0010040785152689194,0.5489128835593957,130,26
PFE,2006-07-31,PFIZER INC,Henry A. McKinnell,3,2006,-0.017924209887384374,0.0010079816801450503,0.06515936637215937,0.1086396423615625,-0.0001299152408667379,1.039733323722188,130,26
BMY,2006-09-12,BRISTOL-MYERS SQUIBB CO,Peter R. Dolan,4,2006,0.0429514862615178,0.04464559946665449,-0.01593445709858527,0.057714359556890034,-0.0004913807418156984,1.0257209662777522,130,26
KBH,2006-11-01,KB HOME,Bruce Karatz,4,2006,0.0013498726212069715,-0.03624912040034267,0.18406428005903558,0.21599688646827286,-0.003403183361615604,2.2749810511009243,130,26
UNH,2006-11-29,UNITEDHEALTH GROUP INC,William W. McGuire,4,2006,0.02753267683850169,0.024681632893861195,0.08538757048710927,0.1308114965317183,-8.825267325856471e-05,0.587577896797847,130,26
HD,2007-01-02,HOME DEPOT INC,Robert L. Nardelli,3,2007,0.0003941647647739098,-0.0016089062297664145,0.01722486175407102,0.05311806622208112,-0.0007575714115523981,1.1333807565413574,130,26
AAP,2007-04-01,ADVANCE AUTO PARTS INC,Michael N. Coppola,3,2007,-0.014383987300856335,0.0050203179907040195,0.004506226198461409,-0.024806283084224952,0.0011311097627767167,1.051307934986497,130,26
FITB,2007-04-17,FIFTH THIRD BANCORP,George A. Schaefer Jr.,3,2007,0.017164357992631583,0.007667788755502827,0.002918510839964852,0.03284949175089196,-0.00024122807354780697,0.9820019966276798,130,26
MDT,2007-08-23,MEDTRONIC PLC,Arthur D. Collins Jr.,3,2007,0.02049386155050403,0.005266902715997876,0.03753655855568294,0.03497324063669026,-0.0006062671335717641,0.6443575042893226,130,26
C,2007-11-04,CITIGROUP INC,Charles Prince III,3,2007,-0.08688682705701462,-0.04648267599489521,0.011815404584645372,-0.15476336554320777,-0.0010949016818575454,1.2919073712707496,130,26
HSY,2007-11-30,HERSHEY CO,Richard H. Lenny,3,2007,0.006849060865960769,0.0004885490628369271,0.020763223572871636,0.046676385918277094,-0.0019007418281135377,0.867519191699547,130,26
FSS,2007-12-11,FEDERAL SIGNAL CORP,Robert D. Welding,3,2007,-0.0529093431606885,-0.03592571121808852,-0.04932246381181027,-0.025730234765065765,-0.0011338355170216767,1.1252630615009227,130,26
TWX,2007-12-31,TIME WARNER INC,Richard D. Parsons Esq. J.D.,3,2007,0.003231665325122585,0.004118064275077368,0.021899009037142297,0.0384353835337465,-0.0013011857151388549,0.8739690382102753,130,26
SBUX,2008-01-07,STARBUCKS CORP,James L. Donald,3,2008,0.08144372654984874,0.08846470698613976,0.025845124408852897,0.030086558475121424,-0.001672350471337765,0.7552087063780765,130,26
MBI,2008-02-16,MBIA INC,Gary C. Dunton,3,2008,-0.02625475533094085,0.17722019607252176,0.18169058115411155,0.07761543235943333,-0.007691614612491146,1.947114628383642,130,26
TLAB,2008-03-01,TELLABS INC,Krish A. Prabhu Ph.D.,3,2008,-0.021028612327078578,-0.043222727996841015,-0.05671392393249912,-0.0733864563954593,-0.003484529376416333,1.0040258935662258,130,26
WY,2008-04-17,WEYERHAEUSER CO,Steven R. Rogel,3,2008,-0.016008105858658465,-0.02264826560284014,0.016245397957057723,-0.013881421550331622,0.0008406428667596151,1.2352903621972118,130,26
TGT,2008-05-01,TARGET CORP,Robert J. Ulrich,3,2008,-0.014951047728031302,-0.023941079104964753,0.01151326468893462,0.00676656899177722,3.2550481739574994e-05,1.029239208313488,130,26
AMD,2008-07-17,ADVANCED MICRO DEVICES,Hector de Jesus Ruiz,3,2008,-0.10632348574997966,-0.14441658944333186,0.10509080155562517,-0.0020114675906249824,0.0005015827837584234,1.4206216769952154,130,26
MGM,2008-11-30,MGM RESORTS INTERNATIONAL,J. Terrence Lanni,4,2008,-0.033275392897449206,-0.054092062577141095,0.1957657364641817,0.267237659284016,-0.0033051989184114793,1.3348008792691797,130,26
PLD,2008-12-08,PROLOGIS INC,Jeffrey Howard Schwartz,3,2008,0.10883912995895174,0.036641439161910115,0.25123306204184154,0.568051527495881,-0.0020707550934213614,1.4067905946761583,130,26
MAA,2008-12-30,COLONIAL PROPERTIES TRUST,C. Reynolds Thompson III,3,2008,-0.04825188002208398,-0.08238081869884044,-0.010535022933584805,-0.1594520502429219,0.0020015461043744066,1.2503011133568873,130,26
DAN,2009-01-01,DANA INC,Gary L. Convis,4,2009,0.37351451259704677,0.3959232813357477,0.2373320425863359,0.6722694330201092,-0.009406282442478417,1.5630769870842713,130,26
MDXG,2009-02-24,MIMEDX GROUP INC,Thomas W. D'Alonzo,3,2009,-0.09688148011817002,-0.10370919311985176,-0.5586440362888654,-0.31370696618737465,0.0016454269512776905,0.3483418728769767,130,26
SVU,2009-05-25,SUPERVALU INC,Jeffrey Noddle,3,2009,0.006959569192114285,0.0448040155789846,-0.03244271586671706,-0.01469865776101649,0.0012763141028487063,0.8553730937005537,130,26
BSX,2009-07-13,BOSTON SCIENTIFIC CORP,James R. Tobin,3,2009,-0.006550587513280203,-0.01912553455053842,-0.010893407386303004,-0.03287638108350582,0.002082413835948562,0.9439388680230125,130,26
BAC,2009-12-31,BANK OF AMERICA CORP,Kenneth D. Lewis,4,2009,0.057358719366797206,0.07962458463173414,0.016620957607723762,0.04243660839984372,0.0004428580954828846,1.6451518099583435,130,26
HPQ,2010-01-01,HP INC,Mark Vincent Hurd,4,2010,-0.016725490223876212,-0.029052962011031625,-0.08459358175633346,-0.10622962514210291,0.00147180848069495,0.8700962688825699,130,26
NDSN,2010-01-16,NORDSON CORP,Edward P. Campbell,3,2010,0.0013277111723638858,-0.0033449697451592396,-0.020431286000490163,-0.040636766860984136,0.0008143699822826698,1.5070683131806248,130,26
BBT,2010-01-27,NATIONAL PENN BANCSHARES INC,Glenn E. Moyer,3,2010,-0.07372353518980941,-0.07840960344764,0.12234445912413827,0.06779093517442744,-0.0016590803242882242,0.8364984328547094,130,26
CROX,2010-03-01,CROCS INC,John H. Duerden,4,2010,-0.010494171569454959,-0.0169381869536208,-0.0697363980978355,-0.19389112296671904,0.004886633370254082,2.613980725472982,130,26
RF,2010-03-31,REGIONS FINANCIAL CORP,C. Dowd Ritter,3,2010,0.0523810771490431,0.10280790782715755,0.02623953711359172,0.06366530883339754,0.00044469349503828653,1.6846244012442195,130,26
BIIB,2010-06-08,BIOGEN INC-OLD,James C. Mullen,3,2010,-0.017943368819515648,-0.03954154773588332,0.038135575774903036,0.046664708962598084,0.0010151747785082297,0.7451769055140469,130,26
NATR,2010-06-30,NATURES SUNSHINE PRODS INC,Douglas Faggioli,4,2010,0.06658834065483513,0.04049579946215713,-0.14899595367845675,-0.35955778482808276,0.004426966646655993,0.6844907893548137,130,26
SYNA,2010-10-01,SYNAPTICS INC,Thomas J. Tiernan,3,2010,-0.05039797542321301,-0.09486533327455607,-0.027233987554009836,-0.050813381705206065,0.00015462118755017992,0.9024932370333955,130,26
FSS,2010-11-01,FEDERAL SIGNAL CORP,William H. Osborne,3,2010,-0.0037047097562403625,0.030300962456135203,0.2057045281968951,0.20495907007725833,-0.003081907398362186,1.9580019644842677,130,26
PFE,2010-12-05,PFIZER INC,Jeffrey B. Kindler,3,2010,-0.0033951775820991095,0.015855142609256002,0.04126947855740634,0.027932049102146802,0.0004098476025956534,0.7494549558013058,130,26
HPQ,2011-01-01,HP INC,Leo Apotheker,3,2011,0.027645214210751817,0.06352536994957649,0.05807753139291093,0.11110332046150252,-0.001207721381145557,0.8375699948420536,130,26
CENX,2011-01-01,CENTURY ALUMINUM CO,Logan W. Kruger,3,2011,0.04255202029579232,0.03061860625032293,-0.16218900752464152,-0.13626902640374094,0.0009905177077946673,2.382548993617111,130,26
OXY,2011-01-05,OCCIDENTAL PETROLEUM CORP,Ray R. Irani,3,2011,-0.006515457139011115,-0.007064263918756868,-0.014129861594935761,-0.04301145693683647,0.0001364000560930903,1.2118678006158705,130,26
AMD,2011-01-10,ADVANCED MICRO DEVICES,Derrick R. Meyer,3,2011,-0.059052989526458356,-0.10054570901112593,-0.032204485428053486,-0.022822025699941333,-0.0013987911165878307,1.5227095865578437,130,26
CMVT,2011-03-04,COMVERSE TECHNOLOGY INC,Andre Dahan,4,2011,0.006956289880153905,0.022081541344874882,0.002726229937872554,0.024286845872932714,-0.001305511928848928,0.8518011316863833,130,26
IRM,2011-04-12,IRON MOUNTAIN INC,Robert T. Brennan,3,2011,0.04842866862369743,0.052516000750492974,-0.10274244862311659,-0.04294010697919985,0.0018997021419146615,0.620484350735112,130,26
MDT,2011-04-29,MEDTRONIC PLC,William A. Hawkins III,3,2011,0.011029971098806256,0.03058664808859267,-0.03641738890608215,-0.017548055752370575,0.00034309711853891317,0.8594057084324528,130,26
PCG,2011-04-30,PG&E CORP,Peter A. Darbee,3,2011,0.00013027041603423748,0.001552788910346204,-0.04372647932831031,-0.027812156864875138,-0.0006737068540591623,0.5531186578111561,130,26
ANGO,2011-06-13,ANGIODYNAMICS INC,Johannes C. M. Keltjens,3,2011,-0.10856635771812853,-0.09974822681387155,0.025537388979043972,-0.10653405690731653,0.00027119655911517595,1.084230234560525,130,26
CPB,2011-07-31,CAMPBELL SOUP CO,Douglas R. Conant,3,2011,0.0035774956526330995,-0.03585079909669728,-0.026842438607305764,-0.03541793124621166,9.563126123263624e-06,0.2648499660759317,130,26
FSLR,2011-10-26,FIRST SOLAR INC,Robert J. Gillette,3,2011,0.1961148489916586,0.12199066008172718,-0.05781722608976686,-0.05328958811248034,-0.004470317266161136,1.1232886405264433,130,26
ADP,2011-11-09,AUTOMATIC DATA PROCESSING,Gary C. Butler,4,2011,-0.00640456061450064,-0.013458771667046376,0.009239770989883787,0.004676979001254488,0.00043325991061350297,0.8205509631737803,130,26
VRTX,2012-02-01,VERTEX PHARMACEUTICALS INC,Matthew W. Emmens,3,2012,-0.016843880920552556,-0.011824619765180261,0.12211733458017658,0.17551770349683582,-0.0023351421633920405,0.8339625681633008,130,26
SYK,2012-02-08,STRYKER CORP,Stephen P. MacMillan,4,2012,-0.02483098156570631,-0.02268339255351773,-0.020656962986744545,-0.07360320024974679,-0.000616174093227255,1.0225674298140655,130,26
CHTR,2012-02-12,CHARTER COMMUNICATIONS INC,Michael J. Lovett,3,2012,0.05923052148060093,0.05035877951913878,-0.03856903191497869,0.02761202441051508,0.0004311164734522567,1.0849406894773246,130,26
BBY,2012-04-09,BEST BUY CO INC,Brian J. Dunn,4,2012,-0.009490298690430256,-0.013002208048269976,-0.04250562041656759,-0.13373719760542563,-0.0006690892378955713,0.8195669428815562,130,26
JNJ,2012-04-26,JOHNSON & JOHNSON,William C. Weldon,3,2012,0.008685177785242509,0.01637238211965268,0.01985245713440818,0.046868588999390476,-0.00045688881784091854,0.5856407907726107,130,26
DGX,2012-05-01,QUEST DIAGNOSTICS INC,Surya N. Mohapatra,3,2012,0.004777911797662712,0.01051783226265436,0.023139122241623126,0.010242564400821112,0.0008641924750271224,0.7023976967406534,130,26
MUR,2012-06-01,MURPHY OIL CORP,David M. Wood,3,2012,0.00793720111574221,-0.027205651589313422,0.04040790443987441,0.05313876190912224,-0.0011621995727365696,1.4418635620444789,130,26
SVU,2012-07-01,SUPERVALU INC,Craig R. Herkert,3,2012,-0.018282759141182818,0.02891465009986806,-0.4119013786648239,-0.3644770862154721,-0.0038070694970648556,0.7077842710659507,130,26
C,2012-10-16,CITIGROUP INC,Vikram Shankar Pandit,3,2012,0.026218597805022045,0.05225348063781478,0.08663497363401527,0.19470865753126804,-0.0010536280256425413,2.0475136883696323,130,26
EA,2013-03-30,ELECTRONIC ARTS INC,John S. Riccitiello,3,2013,-0.0152514834008768,-0.026774597063945128,-0.032019683003359854,-0.07646816545006438,0.0013935372258221525,1.5040921794970445,130,26
VNO,2013-04-15,VORNADO REALTY TRUST,Michael D. Fascitelli,3,2013,0.005265416332603258,0.0045059350292000165,-0.021545704602940138,-0.02745450401757896,-0.00018007496319316212,0.764202338844163,130,26
AMAT,2013-09-01,APPLIED MATERIALS INC,Michael R. Splinter,3,2013,0.024311225374055563,0.01845183389551755,0.06972768987059516,0.07640537725160812,0.0006019025330596282,1.344540216196319,130,26
DDR,2014-01-01,EQUITY ONE INC,Jeffrey S. Olson,3,2014,0.02660445621726863,0.03631061856162321,0.06870019323947169,0.08941106065536689,-0.0016877108517315944,1.1163490850224682,130,26
WMT,2014-02-01,WALMART INC,Michael Terry Duke,4,2014,-0.012406416159134119,-0.012949115421597181,-0.008820074790933781,-0.010825730917880774,-0.00023090688415628032,0.6428758404954622,130,26
NOV,2014-02-27,NATIONAL OILWELL VARCO INC,Merrill A. Miller Jr.,3,2014,0.03631025590670523,0.03796960740393311,-0.006279382113980984,-0.00426113554597235,-0.00023631978654691552,0.8711689313048361,130,26
MTX,2014-02-27,MINERALS TECHNOLOGIES INC,Robert S. Wetherbee,3,2014,-0.01942225120495075,-0.02617272601200908,0.15885732811634326,0.15149325818424894,0.0010461862431263335,1.2846630320085177,130,26
TGT,2014-05-05,TARGET CORP,Gregg W. Steinhafel,3,2014,-0.060700556876565594,-0.03934680646002654,-0.019957008960155058,-0.07149938108700717,-0.000543370732419923,0.61705180128651,130,26
APD,2014-07-01,AIR PRODUCTS & CHEMICALS INC,John E. McGlade,3,2014,-0.009624426741813444,-0.004290663304113412,0.048825177644633753,0.033333927771784025,0.00032237602533446703,1.1626542279010936,130,26
DRI,2014-10-14,DARDEN RESTAURANTS INC,Clarence Otis Jr.,3,2014,0.032376408305429566,0.022758464020524713,0.07569291027267881,0.0750891409940137,-0.00014182901364069537,0.7645399449504395,130,26
ANF,2014-12-08,ABERCROMBIE & FITCH -CL A,Michael S. Jeffries,3,2014,0.06914081766448998,0.05668676020090245,0.05439490974224138,0.0701675366484229,-0.0009565657424276677,1.1160827557450448,130,26
EBAY,2015-01-01,EBAY INC,John J. Donahoe II,3,2015,0.004060185162244307,-0.004217181870463625,-0.03421223478678688,-0.041006709747817165,0.0002907018534964511,0.894437508813939,130,26
APA,2015-01-20,APACHE CORP,G. Steven Farris,3,2015,0.009180451760474773,0.05853036753264415,0.08022351307358319,0.15430114437461942,-0.0039372681193014705,1.483196538792135,130,26
MAT,2015-01-25,MATTEL INC,Bryan G. Stockton,3,2015,-0.014148372750853795,0.01947088198074805,-0.050461431665977094,-0.05150404881818888,-0.00197089841854293,0.6844019407072375,130,26
MCD,2015-01-28,MCDONALD'S CORP,Donald Thompson,3,2015,0.04656480868061599,0.050352497185882646,0.05832927111868588,0.09269593141048171,-0.0007314540525375373,0.6792328437092795,130,26
RIG,2015-02-16,TRANSOCEAN LTD,Steven Leon Newman Ph.D.,3,2015,-0.027241247451749884,-0.10283698750104445,-0.061565524547952305,-0.04211953338797822,-0.007425581255173366,1.3680129572377504,130,26
DCI,2015-04-01,DONALDSON CO INC,William M. Cook,3,2015,-0.006385108853197924,-0.012751614832044242,0.0073418339951189255,0.022135289604274938,-0.0008911813634944122,1.0518418398180083,130,26
CAG,2015-04-06,CONAGRA BRANDS INC,Gary M. Rodkin,3,2015,-0.0031960550405021994,-0.01626589868757564,-0.033428645323485974,0.0441605128930613,0.0005643688965237357,0.5758407965768042,130,26
NTAP,2015-06-01,NETAPP INC,Thomas Georgens,3,2015,-0.004429184195090687,0.01329568615045328,0.0005573194245260486,0.06383877602772844,-0.0011473380390851391,0.982537549790894,130,26
TG,2015-06-25,TREDEGAR CORP,Nancy M. Taylor,3,2015,0.008015147254766736,-0.04291512791133485,-0.09163873663912953,-0.07016656874267568,0.0005731687947946845,1.208454053382706,130,26
EPAC,2015-08-25,ACTUANT CORP -CL A,Mark E. Goldstein,3,2015,-0.06754317125023282,-0.0382971188828959,-0.08968795937878293,-0.16948241167280306,-0.0002909231566490927,0.8061041795077534,130,26
DDD,2015-10-28,3D SYSTEMS CORP,Abraham N. Reichental,3,2015,-0.021273806230088847,0.12508887876696592,0.0613728453271373,-0.09282018087240675,-0.005950841833355742,0.9813751182581325,130,26
GEF,2015-10-31,GREIF INC -CL A,David B. Fischer,3,2015,0.017525150206221227,-0.015668081408919964,0.07433454629346356,0.026654393373005403,-0.0007132744268423707,1.0970270703538525,130,26
RL,2015-11-02,RALPH LAUREN CORP,Ralph Lauren,3,2015,0.01358994041156704,0.20630023451156396,0.11180977638723558,0.09813933889376486,-0.00017005749090051635,1.115887734173047,130,26
POWL,2015-12-24,POWELL INDUSTRIES INC,Michael Allan Lucas,3,2015,-0.0053765957155681235,-0.03509735287441102,-0.06951866506241272,-0.02420787251516649,5.3761943426297536e-05,0.7694536512824376,130,26
SVU,2016-02-04,SUPERVALU INC,Sammy K. Duncan,3,2016,0.05733735746188618,0.062471226979386285,0.14196921785690392,0.1967799096293462,-0.0007941943057337532,1.2379073817706736,130,26
GILD,2016-03-10,GILEAD SCIENCES INC,John C. Martin,3,2016,0.022042335618019104,0.004563174389843456,0.06951311660347781,0.08556929680627082,-0.0012002857629755757,1.0512082252259662,130,26
PRGO,2016-04-24,PERRIGO CO PLC,Joseph C. Papa,3,2016,-0.19652325579424207,-0.19565411744911648,0.026313032871906592,-0.2133594616080843,-0.002466725798203326,0.7873874715216659,130,26
ATGE,2016-05-24,ADTALEM GLOBAL EDUCATION INC,Daniel M. Hamburger,4,2016,-0.11172174630159584,-0.0592657016795397,0.11349621807517697,0.04418690100805967,-0.003488603013823107,1.2026121235580178,130,26
ANF,2016-06-12,ABERCROMBIE & FITCH -CL A,Jonathan E. Ramsden,3,2016,0.030260805108406154,0.005115377720049779,-0.03994354486337293,-0.04889852849657056,0.0012250490153549328,1.0887858550051308,130,26
AVT,2016-07-11,AVNET INC,Richard P. Hamada,3,2016,-0.04805716294498858,-0.035042821814158,0.035629457648369806,-0.006369523689679486,-0.0004471522089495812,1.03372891829118,130,26
KMX,2016-08-31,CARMAX INC,Thomas Joseph Folliard,3,2016,0.006081172550592084,0.006540751340923705,-0.1194542439289404,-0.09935123577021572,0.00020406533723359177,1.6113777353611733,130,26
PHM,2016-09-08,PULTEGROUP INC,Richard J. Dugas Jr.,3,2016,-0.02736220600104691,-0.03341577276098771,-0.004192876220067381,-0.05500943527368399,0.0008379969679269286,1.3578051748736855,130,26
WFC,2016-10-12,WELLS FARGO & CO,John G. Stumpf,4,2016,-0.011822339745757296,-0.003814585584043446,0.0769131344745424,0.11540793825035842,-0.0007749482405180982,1.2474350778348104,130,26
CMG,2016-12-01,CHIPOTLE MEXICAN GRILL INC,Montgomery F. Moran,3,2016,0.0012496098126610726,-0.07967909967855116,-0.03656106189486902,-0.05131106769280523,-0.0011964736318591043,0.8751339540439017,130,26
VFC,2016-12-31,VF CORP,Eric C. Wiseman,3,2016,-0.006105044228278249,-0.016002052004197943,-0.022489175684288605,-0.0310447334640727,-0.001295214920515948,1.2223199833194298,130,26
GLBR,2017-02-01,GLOBAL BROKERAGE INC,Dror Niv,4,2017,-0.00592690207574657,-0.6771120472869954,-0.8003710744469232,-0.8463798925644874,-0.0014748605676006077,1.3298826625925773,130,26
ADSK,2017-02-08,AUTODESK INC,Carl Bass,4,2017,-0.04068071394771784,-0.06121645550906843,-0.0641966812176251,-0.08856176721848934,0.0020595380087263934,1.960516914233318,130,26
CSX,2017-03-06,CSX CORP,Michael Jon Ward,3,2017,-0.04007158674906078,-0.0466869613699304,-0.08708379839994868,-0.13179002950938204,0.0037534009732823333,0.9848345113402915,130,26
KO,2017-04-30,COCA-COLA CO,Muhtar Kent,3,2017,0.003826005703988851,0.015224230852763022,0.04677948093781698,0.04586341256875105,-0.00024864306381505827,0.5226883302721649,130,26
F,2017-05-22,FORD MOTOR CO,Mark Fields,3,2017,-0.0038852324654970486,0.0048629606683903825,0.014562737477868066,0.01866077509733094,-0.0012447943358830367,1.7001201528420993,130,26
CROX,2017-06-01,CROCS INC,Gregg S. Ribatt,3,2017,0.012144849070374747,0.0029697854234478852,0.1664778878753306,0.23252524643988462,-0.0027287575054526702,1.3630215272465869,130,26
ZBH,2017-07-11,ZIMMER BIOMET HOLDINGS INC,David C. Dvorak,3,2017,0.0023412088272504114,0.011969446782717559,-0.14296256881911448,-0.15554655339528992,0.0011931372903469335,0.7910840735462532,130,26
GE,2017-07-31,GENERAL ELECTRIC CO,Jeffrey R. Immelt,3,2017,0.002444455112398672,0.01029561018699668,-0.0036331879219825797,-0.007946143609500201,-0.0015216119909275208,0.7954322446464174,130,26
JCI,2017-09-01,JOHNSON CONTROLS INTL PLC,Alex A. Molinaroli,4,2017,0.008839450965558498,-0.005677089053418637,0.016981460993826865,0.039362381351821976,-0.0014756537382388996,1.4662398700072563,130,26
EFX,2017-09-26,EQUIFAX INC,Richard F. Smith,3,2017,0.005138443422223167,0.031644767802700535,-0.008754570430636231,0.10713650504281892,0.0004745116268363287,1.043031851544677,130,26
THC,2017-10-23,TENET HEALTHCARE CORP,Trevor Fetter,3,2017,-0.028242896839096653,-0.04900981902889562,-0.06787185121639758,0.013872838023429455,-2.5545090967075154e-05,0.7477304179461121,130,26
MDLZ,2017-11-19,MONDELEZ INTERNATIONAL INC,Irene B. Rosenfeld,3,2017,-0.002114043648026173,-0.002465349195178607,0.014324422000549085,0.028101160786478327,-0.0012418604182333616,0.9298962823536678,130,26
CMG,2017-11-29,CHIPOTLE MEXICAN GRILL INC,M. Steven Ells,3,2017,0.08116534689419581,0.11503469706884902,0.025879439958202115,0.11552028545472012,-0.005193440956097891,1.6044614141464562,130,26
CAH,2018-01-01,CARDINAL HEALTH INC,George S. Barrett,3,2018,0.028394425807142083,0.07922147464413977,0.1279520669545065,0.15497379544253884,-0.0020498966840390223,0.8872909393895805,130,26
CVX,2018-01-01,CHEVRON CORP,John S. Watson,3,2018,0.015694149922857732,0.008176875987853365,-0.04728040299377391,-0.032561500145311575,0.0009953549050692567,0.24493164042510968,130,26
PRGO,2018-01-15,PERRIGO CO PLC,John T. Hendrickson,3,2018,-0.006179380297550295,0.013432449591707817,-0.09226484896542285,-0.09996729433328562,0.001653125471844715,0.025020968780938475,130,26
DHX,2018-04-10,DHI GROUP INC,Michael P. Durney,3,2018,0.05152106207775521,0.1027892310420025,-0.0774860209904501,0.0021331182425499973,-0.00035540896665527675,0.3870126793731023,130,26
MAT,2018-04-26,MATTEL INC,Mary Margaret Hastings Georgiadis,3,2018,0.09605856808235294,0.0402873056773699,0.03045033503458582,0.10406062354778783,-0.0003867188333485637,0.0727889075863654,130,26
CPB,2018-05-18,CAMPBELL SOUP CO,Denise Mullen Morrison,3,2018,-0.12191196894638467,-0.11276041545894139,0.06984356778745965,-0.0970406995602668,-0.0006455682959224634,0.4496571028420292,130,26
ADNT,2018-06-11,ADIENT PLC,R. Bruce McDonald,3,2018,-0.1544772894499801,-0.12563665171541838,0.11962953676568905,0.025691842278020384,-0.0032865252100616675,0.8290677897554446,130,26
INTC,2018-06-21,INTEL CORP,Brian M. Krzanich,4,2018,-0.026784385645149313,-0.05812478238555689,-0.04016713570302444,-0.09539906240976576,0.0009666965956826855,1.5392411953894134,130,26
MDXG,2018-06-30,MIMEDX GROUP INC,Parker H. Petit,4,2018,-0.3666608210327515,-0.5631973175806819,0.09716760010043483,-0.10715969497281132,-0.0008824077828696056,1.2296854538134354,130,26
BWA,2018-08-01,BORGWARNER INC,James R. Verrier,3,2018,-0.02130991576528066,-0.019446919535682342,-0.008775982983608373,0.013825361311489322,-0.0012908618409738877,1.2463845668463283,130,26
SANM,2018-08-31,SANMINA CORP,Robert K. Eulau,3,2018,-0.03179918720367206,-0.041213137951077394,-0.12225904264494422,-0.15097895088149504,0.0006829503024516798,0.6407416295920577,130,26
NATR,2018-09-30,NATURES SUNSHINE PRODS INC,Gregory L. Probert,3,2018,-0.009021817586320242,-0.006285607460252376,0.14549504082163983,0.14017003324981234,-0.0022958802311017225,0.5856928801043362,130,26
GE,2018-10-01,GENERAL ELECTRIC CO,John L. Flannery,3,2018,0.10327995253174732,0.20428854261327592,-0.01755278383862441,0.021425520541804403,-0.0010480904911251145,0.6912659632752137,130,26
GS,2018-10-01,GOLDMAN SACHS GROUP INC,Lloyd C. Blankfein,3,2018,0.014679806738544066,0.024639260850854484,0.08597871588009603,0.06529095393339909,-0.0012410675788784482,1.201273242930151,130,26
LRCX,2018-12-05,LAM RESEARCH CORP,Martin B. Anstice,4,2018,-0.04122773489413123,-0.03521187977116376,0.09921794493235196,0.08760784840511442,-0.0020788606334302805,1.4449172340148444,130,26
ACHC,2018-12-16,ACADIA HEALTHCARE CO INC,Joey A. Jacobs,3,2018,-0.042390294325440794,-0.10315312572985601,0.058008846715087624,-0.06406763917156409,-0.0004041296892438428,0.47175934244254486,130,26
GILD,2018-12-31,GILEAD SCIENCES INC,John F. Milligan,3,2018,0.06797398591082271,0.05812388260206611,-0.030932566397954626,-0.010498410011982744,0.0003439144895840873,1.0282249725346548,130,26
PSA,2019-01-01,PUBLIC STORAGE,Ronald L. Havner Jr.,3,2019,-0.03014588444845105,-0.02479271935039888,0.06688858829408509,0.028043419518352177,0.000320585653905066,0.09022535654843154,130,26
KMB,2019-01-01,KIMBERLY-CLARK CORP,Thomas J. Falk,3,2019,-0.022500792530162496,-0.0096915915051896,-0.029638668585258567,-0.07658964682050505,0.0008941216115144972,0.1723406301584213,130,26
PCG,2019-01-14,PG&E CORP,Geisha J. Williams,4,2019,-0.6848686215999295,-0.5804557373029007,1.0021131314424807,0.0038087157045096423,-0.0016661316307504707,1.0697880517287317,130,26
SYNA,2019-03-14,SYNAPTICS INC,Richard A. Bergman,3,2019,-0.21930475013146286,-0.22101247474087646,0.11094352755348925,-0.11312866087863187,-0.000624409128417174,1.3469602131857323,130,26
MCK,2019-03-31,MCKESSON CORP,John H. Hammergren,3,2019,-0.026063730975174393,-0.016401977581252943,0.020104621928229954,-0.026522329699618277,-3.327453329467659e-05,0.7147297858927032,130,26
BBBY,2019-05-13,BED BATH & BEYOND INC,Steven H. Temares,3,2019,-0.1932662567067294,-0.2683665709917226,-0.04159863704890658,-0.11257197940604727,-0.001949203714288642,1.7422331368650206,130,26
ACET,2019-05-31,ACETO CORP,William C. Kennally III,3,2019,-0.06911862669343186,0.12323017189005717,0.3455124110924729,0.3239606860252896,-0.0020909426511793424,1.625696334118374,130,26
KHC,2019-06-25,KRAFT HEINZ CO,Bernardo Vieira Hees,3,2019,0.02252286919512496,0.017317516017068768,0.09243693928313929,0.13589531268831462,-0.0036304274917904914,0.49857173099921637,130,26
WFC,2019-06-30,WELLS FARGO & CO,"Timothy J. Sloan, M.B.A.",3,2019,-0.0030020475302984483,0.008927929053683281,0.04022830614088696,0.05585010160830334,-0.0013618168268948092,0.7861399049685673,130,26
MCD,2019-11-01,MCDONALD'S CORP,Stephen J. Easterbrook,4,2019,-0.031289241586566305,-0.029264096878583532,0.001554435684299322,-0.03450069796171675,0.0007781649962635296,0.5218058532349076,130,26
BA,2019-12-23,BOEING CO,Dennis A. Muilenburg,3,2019,0.002051790627729493,-0.008521608892637558,-0.054896040286552976,-0.10475712964606754,1.0101500378063193e-05,0.7424003725034483,130,26
